{"obstacles": {"rotifers": [[[83.20000000000232, -470.39999999999895], 344.0], [[-124.79999999999768, -568.399999999999], 295.0], [[-118.79999999999768, -858.399999999999], 245.0], [[54.400000000002365, -918.5999999999992], 223.0]], "heliozoa": [[[1714.4000000000024, -132.59999999999923], 245.0], [[1614.4000000000024, 81.40000000000077], 245.0], [[1399.4000000000024, 160.40000000000077], 245.0], [[1358.4000000000024, -723.5999999999992], 245.0]], "cyanobacteria": [[[-58.0, -174.0], 291.0], [[-222.0, -110.0], 318.0], [[-259.0, 16.0], 14.0], [[-256.0, 141.0], 23.0], [[-63.0, 268.0], 87.0], [[124.0, 270.0], 87.0], [[381.20000000000005, 259.0], 87.0], [[425.20000000000005, 265.0], 111.0], [[165.00000000000006, -199.79999999999916], 83.0], [[353.80000000000007, -207.79999999999916], 102.0], [[554.2, -235.59999999999997], 97.0], [[776.2000000000003, -227.59999999999997], 95.0], [[666.0000000000002, 247.40000000000003], 93.0], [[936.0, 269.40000000000003], 93.0], [[1102.199999999998, 244.40000000000003], 93.0], [[1522.1999999999969, 251.40000000000003], 93.0], [[1293.1999999999969, 251.40000000000003], 93.0], [[996.7999999999994, -289.7999999999996], 102.0], [[1010.9999999999997, -394.9999999999982], 233.0], [[764.5999999999998, -487.9999999999982], 280.0], [[378.7999999999996, -458.9999999999982], 261.0], [[104.99999999999952, -465.9999999999982], 274.0], [[-203.4000000000005, -673.9999999999966], 183.0], [[44.19999999999942, -916.7999999999965], 98.0], [[-164.80000000000058, -579.7999999999965], 233.0], [[247.19999999999962, -995.5999999999963], 117.0], [[1698.7999999999993, 155.8000000000003], 136.0], [[1794.7999999999993, -73.1999999999997], 171.0], [[1771.7999999999993, -300.1999999999997], 199.0], [[1633.7999999999993, -508.1999999999997], 233.0], [[1468.7999999999993, -694.1999999999997], 194.0], [[1276.0000000000016, -835.7999999999987], 264.0], [[991.8000000000025, -855.7999999999987], 264.0], [[557.2000000000025, -458.7999999999987], 272.0], [[773.2000000000023, -924.399999999999], 243.0], [[-141.79999999999768, -859.399999999999], 303.0], [[459.40000000000236, -1131.5999999999992], 122.0], [[644.4000000000024, -1089.5999999999992], 22.0]]}, "player": [0, 0], "end_pos": [499.40000000000236, -992.5999999999992]}