{"obstacles": {"rotifers": [[[-276.0, -78.0], 243.0], [[-176.0, 195.0], 330.0], [[439.40000000000214, 305.40000000000055], 10.0], [[559.4000000000021, 300.40000000000055], 5.0], [[727.4000000000021, 295.40000000000055], 0.0], [[883.4000000000021, 297.40000000000055], 358.0]], "heliozoa": [[[-278.0, 94.0], 271.0], [[425.80000000000024, -145.2], 0.0], [[-19.600000000000108, 181.19999999999993], 0.0], [[553.4000000000003, -103.39999999999998], 0.0], [[714.4000000000003, -84.39999999999998], 0.0], [[849.4000000000003, -87.39999999999998], 0.0]], "cyanobacteria": [[[31.0, -148.0], 84.0], [[-163.0, -118.0], 110.0], [[-350.0, 43.0], 340.0], [[-190.0, 210.0], 97.0], [[-347.0, 158.0], 45.0], [[54.0, 190.0], 276.0], [[286.0000000000002, -159.39999999999998], 276.0], [[287.8000000000003, 236.40000000000055], 237.0], [[538.8000000000003, 309.40000000000055], 271.0], [[815.6000000000006, 305.40000000000055], 271.0], [[542.8000000000003, -123.59999999999945], 246.0], [[960.2000000000005, -83.59999999999945], 264.0], [[755.2, -98.59999999999945], 278.0], [[1056.0000000000023, 246.40000000000055], 297.0], [[1145.0000000000023, 60.400000000000546], 15.0]]}, "player": [0, 0], "end_pos": [1039.0000000000023, 46.400000000000546]}