{"obstacles": {"rotifers": [[[-182.2, 44.599999999999966], 56.19989013671875], [[663.8000000000003, -224.0], 162.30023193359375], [[780.8000000000003, -143.0], 143.00013732910156], [[862.8000000000003, -12.0], 123.10005187988281], [[827.8000000000003, -72.0], 123.10005187988281], [[842.4000000000005, 1783.1999999999973], 36.99980163574219], [[947.4000000000005, 1725.1999999999973], 36.99980163574219], [[1037.4000000000005, 1646.1999999999973], 36.99980163574219], [[232.60000000000028, 1498.3999999999974], 341.899658203125], [[277.60000000000025, 1584.3999999999974], 331.99957275390625], [[331.60000000000025, 1652.3999999999974], 331.99957275390625]], "heliozoa": [[[-40.39999999999995, -272.59999999999957], 178.8002166748047], [[424.0000000000002, 1299.9999999999975], 331.99957275390625], [[682.0000000000003, 1198.7999999999986], 331.99957275390625], [[151.60000000000008, 754.2000000000004], 331.99957275390625], [[154.60000000000008, 973.2000000000004], 331.99957275390625], [[375.6000000000001, 880.2000000000004], 331.99957275390625], [[750.6000000000003, 645.2000000000004], 331.99957275390625], [[1056.8000000000002, 741.2000000000004], 331.99957275390625], [[1030.7999999999993, 952.8000000000002], 331.99957275390625], [[864.7999999999992, 986.7999999999996], 331.99957275390625], [[1071.7999999999993, 1206.7999999999997], 331.99957275390625], [[701.0, 808.4000000000003], 331.99957275390625], [[483.39999999999986, 1031.4000000000003], 331.99957275390625], [[371.3999999999998, 659.4000000000003], 331.99957275390625], [[929.0, 1363.3999999999983], 331.99957275390625]], "cyanobacteria": [[[-4.0, -158.0], 285.6998748779297], [[-155.0, -49.0], 354.6000671386719], [[45.0, 198.8], 87.90031433105469], [[-128.0, 156.8], 33.70011901855469], [[578.2000000000003, -205.19999999999993], 108.80020141601562], [[793.8000000000003, -142.0], 216.8004150390625], [[835.8000000000003, 95.0], 162.30023193359375], [[326.60000000000025, 208.8], 90.29998779296875], [[153.20000000000024, -240.2], 119.5001220703125], [[371.2000000000003, -238.2], 234.40054321289062], [[495.4000000000002, 335.00000000000006], 187.70037841796875], [[778.4000000000003, 353.00000000000006], 171.7003173828125], [[378.8000000000002, 515.2000000000003], 112.0001220703125], [[896.6000000000004, 552.2000000000003], 248.00030517578125], [[1143.6, 633.2000000000003], 259.5003967285156], [[134.20000000000027, 624.2000000000003], 291.5004425048828], [[-2.599999999999966, 811.2000000000005], 359.60072326660156], [[1279.5999999999995, 803.2000000000005], 359.60072326660156], [[1266.6, 1079.6], 352.3005828857422], [[36.799999999999926, 1079.6], 19.700592041015625], [[118.79999999999993, 1319.3999999999983], 19.700592041015625], [[1204.3999999999994, 1333.3999999999983], 343.40049743652344], [[1096.0000000000005, 1575.1999999999966], 328.0004119873047], [[245.60000000000028, 1547.1999999999966], 217.50010681152344], [[918.4000000000005, 1756.1999999999973], 298.6003112792969], [[744.4000000000001, 1944.7999999999968], 331.99957275390625], [[381.39999999999986, 1749.7999999999968], 31.899749755859375], [[562.8000000000001, 1970.7999999999968], 51.09983825683594]]}, "player": [0, 0], "end_pos": [648.4000000000001, 1875.7999999999968]}