{"obstacles": {"rotifers": [[[316.80000000000024, -281.1999999999998], 198.90133666992188], [[343.80000000000024, 216.59999999999997], 1.701568603515625], [[953.5999999999997, -265.5999999999998], 233.10214233398438], [[1815.999999999997, -125.39999999999992], 74.8026123046875], [[1841.999999999997, -10.39999999999992], 97.4027099609375], [[1843.999999999997, 98.60000000000008], 97.4027099609375], [[1835.999999999997, -75.39999999999992], 97.4027099609375], [[932.7999999999996, -258.20000000000005], 173.10020446777344]], "heliozoa": [[[241.20000000000022, 126.19999999999999], 268.2008056640625], [[405.2000000000002, 129.2], 268.2008056640625], [[224.20000000000022, -116.80000000000001], 268.2008056640625], [[431.2000000000002, -135.8], 268.2008056640625], [[1645.3999999999971, -151.19999999999987], 77.40269470214844], [[1645.3999999999971, -11.199999999999875], 77.40269470214844], [[1645.3999999999971, 130.80000000000013], 77.40269470214844], [[1726.1999999999966, 232.0000000000002], 14.200088500976562], [[913.0000000000003, -47.39999999999998], 0.0], [[589.6000000000004, 122.60000000000002], 88.10026550292969], [[631.6000000000001, -142.39999999999998], 88.10026550292969], [[947.0000000000003, 221.0], 82.30027770996094], [[1184.799999999998, 74.0], 82.30027770996094], [[1165.599999999998, -236.99999999999966], 82.30027770996094], [[1323.5999999999967, 247.20000000000022], 82.30027770996094], [[1460.5999999999967, 481.4000000000002], 82.30027770996094], [[1731.5999999999967, 515.4000000000002], 82.30027770996094], [[1737.5999999999967, 383.4000000000002], 82.30027770996094], [[1449.5999999999967, 395.4000000000002], 82.30027770996094], [[1450.5999999999985, -67.00000000000006], 0.0], [[1065.3999999999983, 180.79999999999995], 0.0], [[799.7999999999996, -122.20000000000005], 0.0]], "cyanobacteria": [[[12.0, -103.0], 88.90017700195312], [[-138.0, -47.0], 178.60037231445312], [[-160.0, 51.0], 181.30043029785156], [[-57.0, 163.0], 233.90060424804688], [[35.0, 156.0], 256.1006774902344], [[137.39999999999998, 123.0], 272.9007263183594], [[244.60000000000022, -113.0], 268.2007141113281], [[433.0000000000002, -131.0], 268.2007141113281], [[403.2000000000002, 126.19999999999999], 268.2007141113281], [[222.40000000000026, 230.8], 268.2008056640625], [[500.40000000000026, 245.8], 268.2008056640625], [[98.00000000000009, -272.1999999999998], 268.2008056640625], [[438.80000000000024, -266.1999999999998], 268.2008056640625], [[847.4, -206.1999999999997], 122.40200805664062], [[1154.4, -244.1999999999997], 266.9023132324219], [[833.4000000000007, 213.00000000000023], 242.00222778320312], [[1138.3999999999987, 235.00000000000023], 271.2023010253906], [[1305.1999999999991, -201.99999999999875], 75.40272521972656], [[1498.3999999999978, -202.99999999999875], 100.30279541015625], [[1725.3999999999971, -190.19999999999987], 77.40269470214844], [[1843.999999999997, -18.39999999999992], 2.9024200439453125], [[1812.999999999997, 222.60000000000008], 335.6023406982422], [[1360.1999999999973, 321.4000000000001], 54.10258483886719], [[1740.7999999999972, 477.4000000000001], 353.20240783691406], [[1441.599999999997, 551.2000000000003], 353.20240783691406], [[1723.1999999999966, 721.2000000000005], 359.50001525878906], [[1597.1999999999966, 801.2000000000005], 59.000152587890625], [[1458.1999999999966, 704.2000000000005], 19.400177001953125], [[616.6000000000004, 131.60000000000002], 88.10026550292969], [[640.6000000000001, -134.39999999999998], 101.70034790039062]]}, "player": [0, 0], "end_pos": [1572.799999999998, 669.4000000000003]}