{"obstacles": {"rotifers": [[[-163.60000000000105, 240.3999999999993], 344.7036437988281], [[-67.60000000000105, 308.3999999999993], 337.90357971191406], [[-303.60000000000105, -152.6000000000007], 230.50323486328125], [[-209.60000000000105, -232.6000000000007], 230.50323486328125], [[9.79999999999876, -470.99999999999955], 208.7031707763672], [[412.599999999999, -305.40000000000055], 140.40298461914062], [[5.599999999999028, -840.999999999997], 256.40342712402344], [[45.79999999999903, -647.1999999999971], 215.40328979492188], [[144.79999999999905, -1075.9999999999973], 202.40325927734375], [[389.199999999999, -1114.9999999999973], 182.00318908691406], [[534.199999999999, -1098.9999999999973], 169.80311584472656], [[456.599999999999, -295.5999999999988], 338.2034606933594], [[578.399999999999, -290.5999999999988], 358.1035461425781], [[800.1999999999992, -302.7999999999978], 9.1036376953125], [[1010.9999999999983, -505.39999999999736], 44.503814697265625], [[764.3999999999992, -947.5999999999974], 130.0039825439453], [[1704.9999999999955, -1219.3999999999976], 123.50444030761719], [[1777.9999999999955, -1135.5999999999976], 115.80438232421875], [[1144.5999999999965, -1007.1999999999966], 253.9037322998047], [[1270.3999999999974, -2395.4000000000146], 144.60427856445312], [[1940.7999999999963, -2036.4000000000096], 115.80418395996094], [[846.6000000000003, -1666.9999999999982], 319.4043731689453], [[1693.399999999997, -1259.1999999999966], 16.200225830078125], [[1813.399999999997, -1331.1999999999966], 29.40032958984375]], "heliozoa": [[[-109.79999999999978, -229.5999999999999], 309.2004852294922], [[-268.7999999999998, -4.599999999999909], 309.2004852294922], [[-202.79999999999978, 158.4000000000001], 309.2004852294922], [[182.20000000000022, 174.4000000000001], 309.2004852294922], [[37.00000000000023, -250.19999999999993], 309.2004852294922], [[271.0000000000002, -142.19999999999993], 309.2004852294922], [[265.0000000000002, 11.800000000000068], 309.2004852294922], [[43.20000000000084, 230.80000000000007], 309.2004852294922], [[129.8, -708.1999999999969], 130.80072021484375], [[113.80000000000001, -939.7999999999963], 130.80072021484375], [[304.8, -831.7999999999963], 130.80072021484375], [[506.8, -431.99999999999613], 130.80072021484375], [[620.2000000000002, -945.3999999999962], 130.80072021484375], [[674.2000000000002, -401.39999999999634], 130.80072021484375], [[271.6, -1000.7999999999972], 75.80233764648438], [[1732.7999999999963, -930.3999999999969], 354.1028137207031], [[915.1999999999992, -419.99999999999807], 139.10391235351562], [[1455.5999999999958, -1330.9999999999968], 254.30372619628906], [[1197.5999999999958, -1318.9999999999968], 254.30372619628906], [[1204.5999999999958, -1535.9999999999968], 254.30372619628906], [[1078.3999999999965, -1502.9999999999968], 254.30372619628906], [[1113.7999999999959, -1156.9999999999968], 254.30372619628906], [[1200.1999999999957, -1734.199999999997], 254.30372619628906], [[1587.1999999999957, -1754.199999999997], 254.30372619628906], [[1593.1999999999957, -1428.199999999997], 254.30372619628906], [[1693.1999999999957, -1471.199999999997], 254.30372619628906], [[1920.3999999999958, -1749.1999999999966], 254.30372619628906], [[1917.3999999999958, -1605.1999999999966], 254.30372619628906], [[1042.7999999999975, -1719.5999999999967], 254.30372619628906], [[1240.799999999996, -1840.400000000001], 254.30372619628906], [[1543.399999999996, -1856.400000000001], 254.30372619628906], [[1333.5999999999965, -963.1999999999966], 325.2039337158203], [[1779.5999999999958, -2075.8000000000047], 325.2039337158203], [[1326.999999999996, -2191.0000000000077], 325.2039337158203], [[1100.3999999999974, -2175.0000000000077], 325.2039337158203], [[1423.5999999999958, -2160.8000000000075], 325.2039337158203], [[1575.5999999999958, -2211.8000000000075], 325.2039337158203], [[928.1999999999986, -1815.6000000000063], 325.2039337158203], [[1097.799999999997, -2318.200000000019], 325.2039337158203], [[1786.1999999999962, -1571.0000000000023], 325.2039337158203], [[1656.999999999996, -2092.000000000008], 325.2039337158203], [[1198.5999999999992, -2125.000000000012], 325.2039337158203], [[847.5999999999992, -1955.0000000000118], 325.2039337158203], [[1096.5999999999992, -2045.0000000000118], 325.2039337158203], [[1472.3999999999967, -1513.1999999999962], 0.0], [[1372.5999999999985, -1892.2000000000035], 29.40032958984375], [[1845.9999999999973, -1863.7999999999993], 29.40032958984375]], "cyanobacteria": [[[5.0, -289.99999999999966], 272.19969177246094], [[-313.0, 21.60000000000008], 7.899932861328125], [[109.80000000000001, 283.2000000000001], 100.60011291503906], [[302.6000000000003, 116.2000000000001], 157.000244140625], [[331.6000000000003, -129.19999999999987], 205.70033264160156], [[-259.9999999999998, 192.20000000000005], 230.400390625], [[-143.99999999999977, -277.5999999999999], 307.40045166015625], [[110.79999999999995, -412.7999999999993], 6.800537109375], [[354.79999999999995, -346.7999999999993], 142.50074768066406], [[570.2000000000002, -278.39999999999634], 269.1009826660156], [[452.00000000000034, -304.39999999999634], 73.30128479003906], [[755.0000000000003, -293.39999999999634], 102.00138854980469], [[23.59999999999991, -625.7999999999959], 175.3016357421875], [[783.0000000000002, -946.9999999999959], 225.5018310546875], [[8.799999999999926, -885.9999999999959], 347.7021484375], [[203.79999999999993, -1101.999999999996], 279.9020080566406], [[998.9999999999999, -602.9999999999961], 11.80218505859375], [[655.6, -1074.999999999997], 75.80233764648438], [[1020.8000000000002, -866.3999999999967], 95.50227355957031], [[1133.799999999997, -745.3999999999967], 95.50227355957031], [[1423.7999999999965, -770.3999999999967], 95.50227355957031], [[1602.1999999999964, -1239.399999999997], 89.50201416015625], [[1791.7999999999963, -1103.399999999997], 195.40240478515625], [[1676.7999999999963, -798.3999999999969], 273.7025604248047], [[1849.7999999999963, -892.3999999999969], 354.1028137207031], [[-299.60000000000105, -162.6000000000007], 146.4031524658203], [[-96.60000000000105, 315.3999999999993], 236.90341186523438], [[443.599999999999, -1124.199999999997], 254.40310668945312], [[966.1999999999992, -376.99999999999807], 157.90402221679688], [[1229.1999999999957, -911.3999999999976], 107.60435485839844], [[1316.5999999999954, -1077.5999999999976], 17.50421142578125], [[1116.5999999999965, -1007.1999999999966], 325.2039337158203], [[704.9999999999997, -2009.60000000001], 6.7040863037109375], [[792.9999999999997, -1745.6000000000035], 32.504180908203125], [[2034.1999999999962, -1735.2000000000025], 9.804153442382812], [[1935.1999999999962, -2011.0000000000073], 36.60423278808594], [[1759.9999999999964, -2237.000000000016], 35.50421142578125], [[1532.1999999999964, -2359.800000000019], 87.00439453125], [[1276.199999999997, -2409.600000000017], 73.70431518554688], [[712.6000000000001, -2266.0000000000164], 164.5044403076172], [[876.9999999999991, -2427.4000000000146], 111.80438232421875], [[1026.1999999999985, -2469.4000000000146], 90.20428466796875], [[1983.7999999999965, -1530.1999999999978], 131.30416870117188], [[922.3999999999994, -1574.7999999999968], 48.80018615722656], [[993.3999999999994, -1371.7999999999968], 344.90003967285156], [[1048.3999999999994, -1107.7999999999968], 17.400146484375], [[1830.399999999997, -1334.1999999999966], 321.300048828125]]}, "player": [0, 0], "end_pos": [873.9999999999991, -2219.400000000011]}