{"obstacles": {"rotifers": [[[241.59999999999985, -192.99999999999966], 17.600265502929688], [[277.59999999999985, -196.99999999999966], 331.70013427734375], [[418.9999999999999, -136.99999999999994], 114.60060119628906], [[517.9999999999999, -47.99999999999994], 94.70053100585938], [[-249.0, -152.0], 51.90040588378906], [[-200.0, -181.0], 28.600570678710938], [[-159.0, -188.0], 1.300506591796875], [[-95.0, -209.0], 338.400390625]], "heliozoa": [[[-263.60000000000014, -43.99999999999994], 331.70013427734375], [[-227.60000000000014, 175.20000000000005], 331.70013427734375], [[136.99999999999991, 225.0000000000001], 176.60073852539062], [[-83.60000000000014, 365.4000000000001], 94.70053100585938], [[-198.99999999999983, 365.6000000000001], 316.9010925292969], [[-369.99999999999943, 59.60000000000008], 316.9010925292969], [[330.80000000000024, 218.8], 316.9010925292969]], "cyanobacteria": [[[-227.0, -123.0], 107.50032043457031], [[5.0, -184.0], 93.7003173828125], [[62.0, -206.0], 88.30024719238281], [[266.0, -185.0], 85.30021667480469], [[463.19999999999993, -132.0], 65.7000732421875], [[-77.20000000000016, 542.0000000000001], 80.50039672851562], [[119.79999999999984, 523.0000000000001], 103.30050659179688], [[522.6000000000001, 41.000000000000114], 176.60073852539062], [[-195.0, -163.0], 288.30027770996094], [[-415.7999999999995, -60.0], 127.00070190429688], [[-545.1999999999986, 163.2], 178.30091857910156], [[-502.19999999999857, 412.80000000000024], 195.9009246826172], [[-317.7999999999993, 522.8000000000003], 265.4010772705078], [[493.8000000000002, 311.6000000000002], 353.70123291015625], [[370.8000000000002, 466.6000000000002], 283.7010040283203]]}, "player": [0, 0], "end_pos": [361.9999999999999, 671.2000000000003]}