{"obstacles": {"rotifers": [[[-87.60000000000002, -308.39999999999884], 197.7998046875], [[-63.60000000000002, -320.39999999999884], 231.69984436035156], [[-46.60000000000002, -341.39999999999884], 270.39996337890625], [[-35.60000000000002, -383.39999999999884], 289.2000274658203]], "heliozoa": [[[-205.60000000000002, 199.99999999999994], 279.69993591308594], [[-289.6, 282.7999999999999], 279.69993591308594], [[86.39999999999998, 282.7999999999999], 279.69993591308594], [[-62.60000000000002, 158.7999999999999], 279.69993591308594], [[198.79999999999995, 165.7999999999999], 279.69993591308594]], "cyanobacteria": [[[-104.99999999999955, -381.0], 338.3998107910156], [[-151.99999999999955, -229.0], 338.3998107910156], [[-213.99999999999955, -195.0], 338.3998107910156], [[-213.99999999999955, -122.0], 338.3998107910156], [[-199.99999999999955, -72.0], 338.3998107910156], [[-289.99999999999955, 7.0], 338.3998107910156], [[-289.99999999999955, 73.0], 338.3998107910156], [[-379.99999999999955, 152.0], 338.3998107910156], [[-319.20000000000005, 226.60000000000002], 338.3998107910156], [[-366.20000000000005, 279.6], 338.3998107910156], [[-450.5999999999998, 316.6], 338.3998107910156], [[-279.4, 430.6000000000002], 88.60017395019531], [[-74.60000000000002, 430.6000000000002], 88.60017395019531], [[130.6000000000002, 430.6000000000002], 88.60017395019531], [[355.6000000000002, 430.6000000000002], 88.60017395019531], [[501.2000000000002, 307.6000000000002], 0.5999603271484375], [[501.2000000000002, 103.00000000000006], 0.5999603271484375], [[501.2000000000002, -102.19999999999936], 0.5999603271484375], [[501.2000000000002, -288.799999999998], 0.5999603271484375], [[501.2000000000002, -466.9999999999967], 0.5999603271484375], [[411.20000000000005, -597.1999999999962], 93.7001953125], [[167.2, -577.1999999999962], 93.7001953125], [[108.39999999999998, -549.1999999999962], 93.7001953125], [[-16.600000000000023, -454.39999999999884], 337.10015869140625], [[-54.60000000000002, -476.39999999999884], 337.10015869140625], [[-43.60000000000002, -452.39999999999884], 333.4001159667969], [[-121.60000000000002, -261.39999999999884], 154.69969177246094]]}, "player": [0, 0], "end_pos": [-264.40000000000003, 835.8000000000002]}