{"obstacles": {"rotifers": [[[179.40000000000015, -437.59999999999866], 162.80067443847656], [[231.40000000000015, -467.59999999999866], 174.40069580078125], [[331.40000000000015, -436.59999999999866], 159.3006134033203], [[368.40000000000015, -304.59999999999866], 149.40057373046875]], "heliozoa": [[[178.60000000000002, 352.60000000000014], 143.70050048828125], [[-119.0, 301.40000000000015], 143.70050048828125], [[-240.3999999999993, -212.7999999999995], 143.70050048828125], [[-260.3999999999993, 83.80000000000018], 143.70050048828125], [[371.0000000000002, 202.20000000000022], 8.600189208984375], [[140.00000000000017, 30.000000000000114], 8.600189208984375]], "cyanobacteria": [[[9.0, -388.00000000000006], 96.30020141601562], [[-236.0, -346.00000000000006], 109.20028686523438], [[-398.99999999999966, -178.5999999999999], 166.10043334960938], [[-404.99999999999966, 54.80000000000007], 195.1005096435547], [[-141.79999999999995, 395.00000000000034], 253.50074768066406], [[-336.19999999999993, 269.00000000000034], 211.90054321289062], [[140.00000000000006, 436.00000000000034], 262.0006561279297], [[342.00000000000006, 383.00000000000034], 295.10072326660156], [[420.40000000000015, 211.80000000000013], 356.00091552734375], [[413.40000000000015, -30.399999999999807], 7.5009002685546875], [[414.40000000000015, -190.99999999999943], 23.70098876953125], [[168.40000000000015, -450.59999999999866], 292.2007141113281], [[342.40000000000015, -401.59999999999866], 17.5009765625]]}, "player": [0, 0], "end_pos": [61.40000000000015, 987.4000000000005]}