{"obstacles": {"rotifers": [[[54.40000000000015, -392.3999999999994], 156.30084228515625], [[271.60000000000025, -335.3999999999994], 152.70083618164062], [[222.60000000000028, -378.3999999999994], 128.0008087158203], [[336.60000000000025, -293.3999999999994], 183.40098571777344], [[-304.7999999999999, -238.8], 216.30088806152344]], "heliozoa": [[[-176.39999999999986, 178.00000000000006], 145.6009063720703], [[64.60000000000014, 178.60000000000005], 145.6009063720703], [[284.60000000000014, 55.60000000000005], 145.6009063720703]], "cyanobacteria": [[[-193.0, -299.3999999999993], 301.99998474121094], [[295.0000000000001, -336.3999999999993], 54.800140380859375], [[-281.9999999999992, -96.80000000000007], 193.2003631591797], [[-311.9999999999992, 149.19999999999993], 157.50027465820312], [[-253.9999999999999, 359.19999999999993], 215.20034790039062], [[441.4000000000004, 113.59999999999997], 2.40069580078125], [[424.4000000000004, -138.3999999999994], 15.1007080078125], [[63.40000000000015, -398.3999999999994], 96.40072631835938], [[-82.19999999999993, 381.0000000000001], 275.50099182128906], [[144.80000000000027, 326.0000000000001], 286.30104064941406], [[356.8000000000003, 242.00000000000014], 307.3011016845703]]}, "player": [0, 0], "end_pos": [-288.5999999999999, 740.8000000000001]}